2012,ALVL,1,1,Equations and Inequalities
2012,ALVL,1,10,Applications of Integrations - Area and Volume
2012,ALVL,1,11,Differentiation and its Applications
2012,ALVL,1,2,Integration
2012,ALVL,1,3,Sequences and Series
2012,ALVL,1,4,"Binomial Expansion, Maclaurin's Series and Small Angle Approximations"
2012,ALVL,1,5,Vectors
2012,ALVL,1,6,Complex Numbers
2012,ALVL,1,7,Functions
2012,ALVL,1,8,Differential Equations
2012,ALVL,1,9,Vectors
2012,ALVL,2,1,Differential Equations
2012,ALVL,2,10,Binomial and Normal Distributions
2012,ALVL,2,2,Complex Numbers
2012,ALVL,2,3,Equations and Inequalities
2012,ALVL,2,4,Arithmetic and Geometric Progression Series
2012,ALVL,2,5,Probability
2012,ALVL,2,6,Hypothesis Testing
2012,ALVL,2,7,Probability
2012,ALVL,2,8,Correlation and Regression
2012,ALVL,2,9,Binomial and Normal Distributions
2013,ALVL,1,1,Equations and Inequalities
2013,ALVL,1,10,Differential Equations
2013,ALVL,1,11,Graphing
2013,ALVL,1,2,Equations and Inequalities
2013,ALVL,1,3,Graphing
2013,ALVL,1,4,Complex Numbers
2013,ALVL,1,5,Integration
2013,ALVL,1,6,Vectors
2013,ALVL,1,7,Arithmetic and Geometric Progression Series
2013,ALVL,1,8,Complex Numbers
2013,ALVL,1,9,Arithmetic and Geometric Progression Series
2013,ALVL,2,1,Functions
2013,ALVL,2,10,Graphing
2013,ALVL,2,11,Permutations and Combinations
2013,ALVL,2,12,Binomial and Normal Distributions
2013,ALVL,2,2,Applications of Integrations - Area and Volume
2013,ALVL,2,3,"Binomial Expansion, Maclaurin's Series and Small Angle Approximations"
2013,ALVL,2,4,Vectors
2013,ALVL,2,5,Discrete Random Variables
2013,ALVL,2,6,Binomial and Normal Distributions
2013,ALVL,2,7,Binomial and Normal Distributions
2013,ALVL,2,8,Probability
2013,ALVL,2,9,Hypothesis Testing
2014,ALVL,1,1,Functions
2014,ALVL,1,10,Differential Equations
2014,ALVL,1,11,Applications of Integrations - Area and Volume
2014,ALVL,1,2,Graphing
2014,ALVL,1,3,Vectors
2014,ALVL,1,4,Graphing
2014,ALVL,1,5,Complex Numbers
2014,ALVL,1,6,Sequences and Series
2014,ALVL,1,7,Applications of Integrations - Area and Volume
2014,ALVL,1,8,"Binomial Expansion, Maclaurin's Series and Small Angle Approximations"
2014,ALVL,1,9,Vectors
2014,ALVL,2,1,Graphing
2014,ALVL,2,10,Probability
2014,ALVL,2,11,Binomial and Normal Distributions
2014,ALVL,2,2,Integration
2014,ALVL,2,3,Arithmetic and Geometric Progression Series
2014,ALVL,2,4,Complex Numbers
2014,ALVL,2,5,Permutations and Combinations
2014,ALVL,2,6,Permutations and Combinations
2014,ALVL,2,7,Discrete Random Variables
2014,ALVL,2,8,Graphing
2014,ALVL,2,9,Hypothesis Testing
2015,ALVL,1,1,Graphing
2015,ALVL,1,10,Applications of Integrations - Area and Volume
2015,ALVL,1,11,Applications of Integrations - Area and Volume
2015,ALVL,1,2,Graphing
2015,ALVL,1,3,Sequences and Series
2015,ALVL,1,4,Applications of Integrations - Area and Volume
2015,ALVL,1,5,Graphing
2015,ALVL,1,6,"Binomial Expansion, Maclaurin's Series and Small Angle Approximations"
2015,ALVL,1,7,Vectors
2015,ALVL,1,8,Equations and Inequalities
2015,ALVL,1,9,Complex Numbers
2015,ALVL,2,1,Differential Equations
2015,ALVL,2,10,Correlation and Regression
2015,ALVL,2,11,Permutations and Combinations
2015,ALVL,2,12,Binomial and Normal Distributions
2015,ALVL,2,2,Vectors
2015,ALVL,2,3,Functions
2015,ALVL,2,4,Arithmetic and Geometric Progression Series
2015,ALVL,2,5,Permutations and Combinations
2015,ALVL,2,6,Probability
2015,ALVL,2,7,Binomial and Normal Distributions
2015,ALVL,2,8,Hypothesis Testing
2015,ALVL,2,9,Probability
2016,ALVL,1,1,Equations and Inequalities
2016,ALVL,1,10,Functions
2016,ALVL,1,11,Vectors
2016,ALVL,1,2,Graphing
2016,ALVL,1,3,Graphing
2016,ALVL,1,4,Arithmetic and Geometric Progression Series
2016,ALVL,1,5,Vectors
2016,ALVL,1,6,Sequences and Series
2016,ALVL,1,7,Complex Numbers
2016,ALVL,1,8,"Binomial Expansion, Maclaurin's Series and Small Angle Approximations"
2016,ALVL,1,9,Differential Equations
2016,ALVL,2,1,Differential Equations
2016,ALVL,2,10,Binomial and Normal Distributions
2016,ALVL,2,2,Applications of Integrations - Area and Volume
2016,ALVL,2,3,Applications of Integrations - Area and Volume
2016,ALVL,2,4,Complex Numbers
2016,ALVL,2,5,Probability
2016,ALVL,2,6,Hypothesis Testing
2016,ALVL,2,7,Permutations and Combinations
2016,ALVL,2,8,Graphing
2016,ALVL,2,9,Discrete Random Variables
2017,ALVL,1,1,Sequences and Series
2017,ALVL,1,10,Vectors
2017,ALVL,1,11,Differential Equations
2017,ALVL,1,2,Graphing
2017,ALVL,1,3,Graphing
2017,ALVL,1,4,Graphing
2017,ALVL,1,5,Graphing
2017,ALVL,1,6,Vectors
2017,ALVL,1,7,Integration
2017,ALVL,1,8,Complex Numbers
2017,ALVL,1,9,Sequences and Series
2017,ALVL,2,1,Graphing
2017,ALVL,2,10,Binomial and Normal Distributions
2017,ALVL,2,2,Arithmetic and Geometric Progression Series
2017,ALVL,2,3,Graphing
2017,ALVL,2,4,Applications of Integrations - Area and Volume
2017,ALVL,2,5,Probability
2017,ALVL,2,6,Probability
2017,ALVL,2,7,Hypothesis Testing
2017,ALVL,2,8,Correlation and Regression
2017,ALVL,2,9,Binomial and Normal Distributions
2018,ALVL,1,1,Integration
2018,ALVL,1,10,Differential Equations
2018,ALVL,1,11,Arithmetic and Geometric Progression Series
2018,ALVL,1,2,Applications of Integrations - Area and Volume
2018,ALVL,1,3,Differential Equations
2018,ALVL,1,4,Equations and Inequalities
2018,ALVL,1,5,Functions
2018,ALVL,1,6,Vectors
2018,ALVL,1,7,Differential Equations
2018,ALVL,1,8,Sequences and Series
2018,ALVL,1,9,Integration
2018,ALVL,2,1,Graphing
2018,ALVL,2,10,Binomial and Normal Distributions
2018,ALVL,2,2,Complex Numbers
2018,ALVL,2,3,Vectors
2018,ALVL,2,4,"Binomial Expansion, Maclaurin's Series and Small Angle Approximations"
2018,ALVL,2,5,Hypothesis Testing
2018,ALVL,2,6,Probability
2018,ALVL,2,7,Probability
2018,ALVL,2,8,Discrete Random Variables
2018,ALVL,2,9,Correlation and Regression
2019,ALVL,1,1,Complex Numbers
2019,ALVL,1,10,Applications of Integrations - Area and Volume
2019,ALVL,1,11,Differential Equations
2019,ALVL,1,12,Vectors
2019,ALVL,1,2,Applications of Integrations - Area and Volume
2019,ALVL,1,3,Graphing
2019,ALVL,1,4,Graphing
2019,ALVL,1,5,Functions
2019,ALVL,1,6,Sequences and Series
2019,ALVL,1,7,Graphing
2019,ALVL,1,8,Arithmetic and Geometric Progression Series
2019,ALVL,1,9,Complex Numbers
2019,ALVL,2,1,Complex Numbers
2019,ALVL,2,10,Binomial and Normal Distributions
2019,ALVL,2,11,Binomial and Normal Distributions
2019,ALVL,2,2,Applications of Integrations - Area and Volume
2019,ALVL,2,3,Functions
2019,ALVL,2,4,Arithmetic and Geometric Progression Series
2019,ALVL,2,5,Applications of Integrations - Area and Volume
2019,ALVL,2,6,Probability
2019,ALVL,2,7,Permutations and Combinations
2019,ALVL,2,8,Hypothesis Testing
2019,ALVL,2,9,Correlation and Regression
2020,ALVL,1,1,Vectors
2020,ALVL,1,10,Differential Equations
2020,ALVL,1,11,Differentiation and its Applications
2020,ALVL,1,2,Differential Equations
2020,ALVL,1,3,"Binomial Expansion, Maclaurin's Series and Small Angle Approximations"
2020,ALVL,1,4,Complex Numbers
2020,ALVL,1,5,Vectors
2020,ALVL,1,6,Complex Numbers
2020,ALVL,1,7,Integration
2020,ALVL,1,8,Sequences and Series
2020,ALVL,1,9,Graphing
2020,ALVL,2,1,Graphing
2020,ALVL,2,10,Hypothesis Testing
2020,ALVL,2,2,Sequences and Series
2020,ALVL,2,3,Graphing
2020,ALVL,2,4,Applications of Integrations - Area and Volume
2020,ALVL,2,5,Discrete Random Variables
2020,ALVL,2,6,Binomial and Normal Distributions
2020,ALVL,2,7,Correlation and Regression
2020,ALVL,2,8,Probability
2020,ALVL,2,9,Binomial and Normal Distributions
2021,ALVL,1,1,Graphing
2021,ALVL,1,10,Differential Equations
2021,ALVL,1,11,Graphing
2021,ALVL,1,2,Graphing
2021,ALVL,1,3,Differential Equations
2021,ALVL,1,4,Complex Numbers
2021,ALVL,1,5,Sequences and Series
2021,ALVL,1,6,Graphing
2021,ALVL,1,7,"Binomial Expansion, Maclaurin's Series and Small Angle Approximations"
2021,ALVL,1,8,Vectors
2021,ALVL,1,9,Applications of Integrations - Area and Volume
2021,ALVL,2,1,Complex Numbers
2021,ALVL,2,10,Binomial and Normal Distributions
2021,ALVL,2,11,Binomial and Normal Distributions
2021,ALVL,2,2,Applications of Integrations - Area and Volume
2021,ALVL,2,3,Functions
2021,ALVL,2,4,Arithmetic and Geometric Progression Series
2021,ALVL,2,5,Applications of Integrations - Area and Volume
2021,ALVL,2,6,Probability
2021,ALVL,2,7,Permutations and Combinations
2021,ALVL,2,8,Hypothesis Testing
2021,ALVL,2,9,Correlation and Regression
2022,ALVL,1,1,Complex Numbers
2022,ALVL,1,10,Graphing
2022,ALVL,1,11,Graphing
2022,ALVL,1,12,Differential Equations
2022,ALVL,1,2,"Binomial Expansion, Maclaurin's Series and Small Angle Approximations"
2022,ALVL,1,3,Graphing
2022,ALVL,1,4,Integration
2022,ALVL,1,5,Graphing
2022,ALVL,1,6,Functions
2022,ALVL,1,7,Graphing
2022,ALVL,1,8,Integration
2022,ALVL,1,9,Arithmetic and Geometric Progression Series
2022,ALVL,2,1,Integration
2022,ALVL,2,10,Correlation and Regression
2022,ALVL,2,11,Hypothesis Testing
2022,ALVL,2,2,Applications of Integrations - Area and Volume
2022,ALVL,2,3,Complex Numbers
2022,ALVL,2,4,Arithmetic and Geometric Progression Series
2022,ALVL,2,5,Applications of Integrations - Area and Volume
2022,ALVL,2,6,Probability
2022,ALVL,2,7,Permutations and Combinations
2022,ALVL,2,8,Binomial and Normal Distributions
2022,ALVL,2,9,Probability
