2012, ALVL, , 1, 1, Equations and Inequalities
2012, ALVL, , 1, 10, Applications of Integrations - Area and Volume
2012, ALVL, , 1, 11, Differential Equations
2012, ALVL, , 1, 2, Applications of Integrations - Area and Volume
2012, ALVL, , 1, 3, Arithmetic and Geometric Progression Series
2012, ALVL, , 1, 4, Binomial Expansion, Maclaurin's Series and Small Angle Approximations
2012, ALVL, , 1, 5, Binomial Expansion, Maclaurin's Series and Small Angle Approximations
2012, ALVL, , 1, 6, Complex Numbers
2012, ALVL, , 1, 7, Equations and Inequalities
2012, ALVL, , 1, 8, Differential Equations
2012, ALVL, , 1, 9, Differential Equations
2012, ALVL, , 2, 1, Differential Equations
2012, ALVL, , 2, 10, Probability
2012, ALVL, , 2, 2, Complex Numbers
2012, ALVL, , 2, 3, Equations and Inequalities
2012, ALVL, , 2, 4, Arithmetic and Geometric Progression Series
2012, ALVL, , 2, 5, Probability
2012, ALVL, , 2, 6, Hypothesis Testing
2012, ALVL, , 2, 7, Probability
2012, ALVL, , 2, 8, Correlation and Regression
2012, ALVL, , 2, 9, Binomial and Normal Distributions
2013, ALVL, , 1, 1, Differential Equations
2013, ALVL, , 1, 10, Differential Equations
2013, ALVL, , 1, 11, Differential Equations
2013, ALVL, , 1, 2, Differential Equations
2013, ALVL, , 1, 3, Equations and Inequalities
2013, ALVL, , 1, 4, Complex Numbers
2013, ALVL, , 1, 5, Applications of Integrations - Area and Volume
2013, ALVL, , 1, 6, Binomial Expansion, Maclaurin's Series and Small Angle Approximations
2013, ALVL, , 1, 7, Binomial Expansion, Maclaurin's Series and Small Angle Approximations
2013, ALVL, , 1, 8, Complex Numbers
2013, ALVL, , 1, 9, Arithmetic and Geometric Progression Series
2013, ALVL, , 2, 1, Equations and Inequalities
2013, ALVL, , 2, 10, Correlation and Regression
2013, ALVL, , 2, 11, Probability
2013, ALVL, , 2, 12, Binomial and Normal Distributions
2013, ALVL, , 2, 2, Applications of Integrations - Area and Volume
2013, ALVL, , 2, 3, Binomial Expansion, Maclaurin's Series and Small Angle Approximations
2013, ALVL, , 2, 4, Differential Equations
2013, ALVL, , 2, 5, Probability
2013, ALVL, , 2, 6, Binomial and Normal Distributions
2013, ALVL, , 2, 7, Binomial and Normal Distributions
2013, ALVL, , 2, 8, Probability
2013, ALVL, , 2, 9, Binomial and Normal Distributions
2014, ALVL, , 1, 1, Differential Equations
2014, ALVL, , 1, 10, Differential Equations
2014, ALVL, , 1, 11, Applications of Integrations - Area and Volume
2014, ALVL, , 1, 2, Differential Equations
2014, ALVL, , 1, 3, Vectors
2014, ALVL, , 1, 4, Differential Equations
2014, ALVL, , 1, 5, Complex Numbers
2014, ALVL, , 1, 6, Arithmetic and Geometric Progression Series
2014, ALVL, , 1, 7, Applications of Integrations - Area and Volume
2014, ALVL, , 1, 8, Binomial Expansion, Maclaurin's Series and Small Angle Approximations
2014, ALVL, , 1, 9, Differential Equations
2014, ALVL, , 2, 1, Differential Equations
2014, ALVL, , 2, 10, Probability
2014, ALVL, , 2, 11, Probability
2014, ALVL, , 2, 2, Applications of Integrations - Area and Volume
2014, ALVL, , 2, 3, Arithmetic and Geometric Progression Series
2014, ALVL, , 2, 4, Complex Numbers
2014, ALVL, , 2, 5, Binomial and Normal Distributions
2014, ALVL, , 2, 6, Permutations and Combinations
2014, ALVL, , 2, 7, Probability
2014, ALVL, , 2, 8, Correlation and Regression
2014, ALVL, , 2, 9, Hypothesis Testing
2015, ALVL, , 1, 1, Differential Equations
2015, ALVL, , 1, 10, Applications of Integrations - Area and Volume
2015, ALVL, , 1, 11, Binomial Expansion, Maclaurin's Series and Small Angle Approximations
2015, ALVL, , 1, 2, Equations and Inequalities
2015, ALVL, , 1, 3, Binomial Expansion, Maclaurin's Series and Small Angle Approximations
2015, ALVL, , 1, 4, Applications of Integrations - Area and Volume
2015, ALVL, , 1, 5, Differential Equations
2015, ALVL, , 1, 6, Binomial Expansion, Maclaurin's Series and Small Angle Approximations
2015, ALVL, , 1, 7, Differential Equations
2015, ALVL, , 1, 8, Differential Equations
2015, ALVL, , 1, 9, Complex Numbers
2015, ALVL, , 2, 1, Differential Equations
2015, ALVL, , 2, 10, Correlation and Regression
2015, ALVL, , 2, 11, Permutations and Combinations
2015, ALVL, , 2, 12, Binomial and Normal Distributions
2015, ALVL, , 2, 2, Differential Equations
2015, ALVL, , 2, 3, Equations and Inequalities
2015, ALVL, , 2, 4, Arithmetic and Geometric Progression Series
2015, ALVL, , 2, 5, Hypothesis Testing
2015, ALVL, , 2, 6, Probability
2015, ALVL, , 2, 7, Binomial and Normal Distributions
2015, ALVL, , 2, 8, Binomial and Normal Distributions
2015, ALVL, , 2, 9, Probability
2016, ALVL, , 1, 1, Equations and Inequalities
2016, ALVL, , 1, 10, Equations and Inequalities
2016, ALVL, , 1, 11, Differential Equations
